group,names,scores,logfoldchanges,pvals,pvals_adj
0,LMAN1L,2.796164,10.079005,0.00517131563755396,0.010849898337511387
0,AL157931.1,6.8649,10.039824,6.653777350446239e-12,1.7224918047595435e-11
0,LINC00261,3.1206586,9.090859,0.0018044706751722892,0.003860370676095379
0,AC012485.2,28.716793,8.666617,2.3544810096866581e-181,1.6308817697531497e-180
0,SERPINA4,12.857715,8.531612,7.784386827862044e-38,2.5945437688852822e-37
0,ORM2,10.084221,8.525095,6.487808651739764e-24,1.9273231641611005e-23
0,LINC01612,21.31272,8.499864,8.652118482288072e-101,4.19665765744001e-100
0,SLC5A1,35.053722,8.459971,3.4217716364866306e-269,3.1941013581664843e-268
0,OR1J1,8.910333,8.400072,5.08794759513594e-19,1.4432194963552358e-18
0,REG1A,4.41017,8.356093,1.0328936860972889e-05,2.3789883863334754e-05
0,AC005256.1,2.9738955,8.30854,0.0029404515394166096,0.006237082954412817
0,CLDN8,12.77321,8.197198,2.3141223568822656e-37,7.68977310871521e-37
0,HABP2,58.30064,8.169797,0.0,0.0
0,AC024230.1,44.682144,8.134208,0.0,0.0
0,APOBEC4,7.0485544,8.074712,1.8078607207913924e-12,4.719218859586112e-12
0,MOGAT1,50.69618,8.074011,0.0,0.0
0,SCEL,3.7555478,8.06366,0.00017296270909237176,0.0003853076582036856
0,AC025580.1,86.5392,8.051361,0.0,0.0
0,AC084866.1,18.20882,8.042737,4.393074697246467e-74,1.849315713263369e-73
0,CKMT1A,9.728766,8.013124,2.273324231826845e-22,6.657346222576491e-22
1,ASCL4,3.5981448,9.100854,0.00032049519762987076,0.0008670061333169729
1,LILRA1,47.861988,9.004535,0.0,0.0
1,CYBB,151.1992,8.804755,0.0,0.0
1,LILRA5,65.74485,8.800132,0.0,0.0
1,LY86,115.56303,8.664738,0.0,0.0
1,RPH3A,7.5155444,8.549647,5.667467840519213e-14,2.126556131442604e-13
1,LIPN,7.904358,8.445855,2.693183424260783e-15,1.039438312857493e-14
1,NLRC4,47.306004,8.435918,0.0,0.0
1,MPEG1,129.5091,8.420751,0.0,0.0
1,CD86,104.69455,8.4180975,0.0,0.0
1,FCGR1A,63.429737,8.393879,0.0,0.0
1,FCGR1B,31.305628,8.385664,3.911980517695599e-215,5.644611664818762e-214
1,TLR8,53.943752,8.354996,0.0,0.0
1,S100A12,57.998764,8.34369,0.0,0.0
1,RETN,27.516546,8.323557,1.1130332183582404e-166,1.3292317496058013e-165
1,FPR1,93.2787,8.300827,0.0,0.0
1,MS4A7,125.36237,8.231671,0.0,0.0
1,FCN1,87.87567,8.205427,0.0,0.0
1,MCEMP1,25.45443,8.190545,6.305628832918867e-143,6.823811986660483e-142
1,P2RY13,89.73293,8.157851,0.0,0.0
2,TRAV4,3.9748988,9.116691,7.040918648068224e-05,0.0001637424173482653
2,TRGV10,8.499471,9.067589,1.904577234382844e-17,5.532923073885756e-17
2,CD3G,112.604576,8.713368,0.0,0.0
2,KLRC3,13.204253,8.685366,8.291796608451766e-40,2.971988377332932e-39
2,CD3E,167.33183,8.603186,0.0,0.0
2,TRGV2,6.8513064,8.540187,7.317866986057105e-12,1.9732447647711303e-11
2,GZMA,153.07446,8.496018,0.0,0.0
2,CD3D,122.202415,8.395542,0.0,0.0
2,LINC02446,7.122473,8.351099,1.0600777884894575e-12,2.890500591869754e-12
2,XCL2,85.07052,8.2853565,0.0,0.0
2,CD2,152.15587,8.24469,0.0,0.0
2,IL2,5.5226493,8.211558,3.339262535129008e-08,8.440875699127526e-08
2,TRGV9,14.378672,8.207262,7.043315032680313e-47,2.6595936189987833e-46
2,THEMIS,44.947006,8.200563,0.0,0.0
2,CD40LG,33.02152,8.197519,3.98915793092493e-239,3.885688754210426e-238
2,KLRB1,109.5312,8.169454,0.0,0.0
2,CCL5,153.13972,8.131834,0.0,0.0
2,CD247,144.54298,8.122389,0.0,0.0
2,LIM2,7.9872437,8.119837,1.3798921029789092e-15,3.916283308243264e-15
2,TRAV17,3.9644017,8.116787,7.358026441877481e-05,0.00017103980388019502
3,HID1-AS1,6.2202735,9.7239275,4.962891249305446e-10,2.400815148572287e-09
3,ECSCR,129.74358,9.477474,0.0,0.0
3,CLEC14A,135.27435,9.423197,0.0,0.0
3,ADGRL4,132.56654,9.421432,0.0,0.0
3,CCL14,91.8292,9.197263,0.0,0.0
3,CXorf36,106.88043,9.16759,0.0,0.0
3,AC110799.1,4.0793724,9.15231,4.515740831142121e-05,0.0001651887819482892
3,MYCT1,93.172646,9.112956,0.0,0.0
3,TM4SF18,109.00975,9.107281,0.0,0.0
3,VWF,138.69171,9.082403,0.0,0.0
3,CLDN5,124.76379,8.972944,0.0,0.0
3,EMCN,130.66534,8.896305,0.0,0.0
3,XIRP2,5.356822,8.766967,8.46984706108164e-08,3.680269409768737e-07
3,ACKR1,99.3941,8.548929,0.0,0.0
3,DKK4,3.7489796,8.52109,0.00017755558895160534,0.0006195202740717167
3,FAM110D,94.79754,8.515824,0.0,0.0
3,GPIHBP1,49.289124,8.510749,0.0,0.0
3,LINC01704,6.4914656,8.366489,8.50053262163863e-11,4.241620305731113e-10
3,NOVA2,52.010143,8.365933,0.0,0.0
3,CDH5,108.62258,8.358344,0.0,0.0
4,AP003555.2,2.3061929,7.2698603,0.021099855251856113,0.045476515081528376
4,AL162584.1,8.566358,6.90042,1.0681007381894797e-17,3.7091898331710393e-17
4,LINC01563,4.8187866,6.885512,1.444340064134587e-06,3.915465166407129e-06
4,MUSTN1,4.075514,6.851957,4.591285793659623e-05,0.00011707191652886557
4,F10,110.2311,6.8406706,0.0,0.0
4,FHL5,9.848146,6.830406,6.981965178507146e-23,2.6166072241071953e-22
4,AL355612.1,3.8571713,6.8170457,0.00011470681543231235,0.0002870642546207674
4,DCN,242.00499,6.7955675,0.0,0.0
4,MACC1-AS1,7.709168,6.787754,1.2664086424249399e-14,4.183954239596753e-14
4,SYT9,2.9320245,6.760668,0.0033676025104503334,0.007716101326302058
4,LINC02269,3.0012844,6.7571707,0.002688434329133708,0.006209194426134772
4,TRPC4,24.052368,6.5710177,7.884918891873302e-128,6.208896514423646e-127
4,AC131025.2,11.657117,6.568173,2.1106776591624233e-31,8.781089569488896e-31
4,SCN7A,65.37716,6.5622463,0.0,0.0
4,OR51E1,6.6975894,6.522908,2.1188529005905964e-11,6.564493444121248e-11
4,KCNE4,41.019627,6.509268,0.0,0.0
4,LINC02126,4.747632,6.4989495,2.058120699135079e-06,5.550155871928094e-06
4,GABRA3,3.039785,6.4847198,0.002367471490840334,0.005486760750405084
4,LINC01305,5.636847,6.4384556,1.7319172300067188e-08,4.982627369246733e-08
4,DHRS2,30.79077,6.425927,3.483024418609335e-208,3.6442056772497874e-207
